Step,Samples,Recall,Recall_25th,Recall_75th,False_Alarm,False_Alarm_25th,False_Alarm_75th
0,0,0.9960000000000001,1.0,1.0,0.538,0.5225,0.55
1,1,0.9960000000000001,1.0,1.0,0.535,0.5225,0.54
2,2,0.998,1.0,1.0,0.5290000000000001,0.5125,0.5375000000000001
3,3,0.998,1.0,1.0,0.5269999999999999,0.5025,0.54
4,4,0.9960000000000001,1.0,1.0,0.5270000000000001,0.495,0.545
5,5,0.9960000000000001,1.0,1.0,0.523,0.4925,0.54
6,6,0.9960000000000001,1.0,1.0,0.522,0.485,0.5375000000000001
7,7,0.9960000000000001,1.0,1.0,0.522,0.4875,0.54
8,8,0.9960000000000001,1.0,1.0,0.522,0.48,0.5525
9,9,0.9960000000000001,1.0,1.0,0.522,0.4825,0.5475000000000001
10,10,0.9960000000000001,1.0,1.0,0.5189999999999999,0.4875,0.54
11,11,0.9960000000000001,1.0,1.0,0.52,0.4925,0.5475000000000001
12,12,0.998,1.0,1.0,0.515,0.4825,0.5475000000000001
13,13,0.998,1.0,1.0,0.515,0.485,0.5475000000000001
14,14,0.9960000000000001,1.0,1.0,0.5130000000000001,0.4825,0.5475000000000001
15,15,0.9960000000000001,1.0,1.0,0.5140000000000001,0.49,0.55
16,16,0.998,1.0,1.0,0.5130000000000001,0.4825,0.55
17,17,0.998,1.0,1.0,0.508,0.465,0.5475000000000001
18,18,0.998,1.0,1.0,0.5069999999999999,0.4625,0.5475000000000001
19,19,0.9960000000000001,1.0,1.0,0.5069999999999999,0.47,0.555
20,20,0.9960000000000001,1.0,1.0,0.5039999999999999,0.47,0.5375000000000001
21,21,0.998,1.0,1.0,0.5029999999999999,0.47,0.5375000000000001
22,22,1.0,1.0,1.0,0.506,0.4725,0.5375000000000001
23,23,0.998,1.0,1.0,0.506,0.4725,0.5375000000000001
24,24,0.998,1.0,1.0,0.506,0.47,0.5525
25,25,0.998,1.0,1.0,0.502,0.47,0.55
26,26,0.998,1.0,1.0,0.4999999999999999,0.47,0.5425
27,27,0.998,1.0,1.0,0.499,0.4625,0.55
28,28,0.998,1.0,1.0,0.5029999999999999,0.4725,0.5575
29,29,0.9960000000000001,1.0,1.0,0.5039999999999999,0.4725,0.5549999999999999
30,30,0.9960000000000001,1.0,1.0,0.5,0.4625,0.55
31,31,0.9960000000000001,1.0,1.0,0.5,0.4625,0.55
32,32,0.9960000000000001,1.0,1.0,0.499,0.465,0.5475000000000001
33,33,0.9960000000000001,1.0,1.0,0.499,0.4725,0.54
34,34,0.9960000000000001,1.0,1.0,0.5,0.47,0.54
35,35,0.9960000000000001,1.0,1.0,0.501,0.4725,0.5375000000000001
36,36,0.9960000000000001,1.0,1.0,0.5,0.4725,0.5375000000000001
37,37,0.9960000000000001,1.0,1.0,0.496,0.47,0.53
38,38,0.9960000000000001,1.0,1.0,0.499,0.4725,0.54
39,39,0.9960000000000001,1.0,1.0,0.5010000000000001,0.4725,0.5375000000000001
40,40,0.9960000000000001,1.0,1.0,0.499,0.47,0.5375000000000001
41,41,0.9960000000000001,1.0,1.0,0.501,0.4725,0.5325
42,42,0.9960000000000001,1.0,1.0,0.501,0.47,0.5325
43,43,0.9960000000000001,1.0,1.0,0.501,0.4725,0.53
44,44,0.9960000000000001,1.0,1.0,0.5,0.465,0.53
45,45,0.9960000000000001,1.0,1.0,0.499,0.465,0.53
46,46,0.998,1.0,1.0,0.5,0.4725,0.5375000000000001
47,47,0.9960000000000001,1.0,1.0,0.49700000000000005,0.465,0.5425
48,48,0.998,1.0,1.0,0.4960000000000001,0.465,0.535
49,49,1.0,1.0,1.0,0.497,0.475,0.5375000000000001
50,50,0.998,1.0,1.0,0.496,0.4675,0.535
51,51,0.998,1.0,1.0,0.49800000000000005,0.4675,0.5375000000000001
52,52,0.998,1.0,1.0,0.49800000000000005,0.46,0.54
53,53,0.998,1.0,1.0,0.49700000000000005,0.4525,0.5475000000000001
54,54,0.998,1.0,1.0,0.49700000000000005,0.4525,0.5475000000000001
55,55,0.998,1.0,1.0,0.499,0.46,0.5475000000000001
56,56,0.998,1.0,1.0,0.4940000000000001,0.46,0.5375000000000001
57,57,0.998,1.0,1.0,0.4950000000000001,0.4575,0.545
58,58,0.998,1.0,1.0,0.4960000000000001,0.46,0.5375000000000001
59,59,0.998,1.0,1.0,0.4950000000000001,0.4575,0.545
60,60,0.998,1.0,1.0,0.49499999999999994,0.4575,0.54
61,61,0.998,1.0,1.0,0.49399999999999994,0.4575,0.54
62,62,0.998,1.0,1.0,0.49399999999999994,0.4575,0.54
63,63,0.998,1.0,1.0,0.49399999999999994,0.4575,0.54
64,64,0.998,1.0,1.0,0.49399999999999994,0.4575,0.54
65,65,0.9960000000000001,1.0,1.0,0.495,0.46,0.54
66,66,0.9960000000000001,1.0,1.0,0.495,0.46,0.54
67,67,0.9960000000000001,1.0,1.0,0.495,0.46,0.54
68,68,0.9960000000000001,1.0,1.0,0.493,0.4575,0.54
69,69,0.9960000000000001,1.0,1.0,0.4950000000000001,0.4575,0.5325
70,70,0.998,1.0,1.0,0.49399999999999994,0.4575,0.5325
71,71,0.998,1.0,1.0,0.493,0.4575,0.5325
72,72,0.998,1.0,1.0,0.4940000000000001,0.4575,0.5325
73,73,0.998,1.0,1.0,0.492,0.4575,0.5325
74,74,0.998,1.0,1.0,0.493,0.4575,0.5325
75,75,0.998,1.0,1.0,0.491,0.45,0.525
76,76,0.998,1.0,1.0,0.491,0.4575,0.525
77,77,0.998,1.0,1.0,0.493,0.4575,0.525
78,78,0.998,1.0,1.0,0.492,0.4575,0.525
79,79,0.998,1.0,1.0,0.493,0.4575,0.525
80,80,0.998,1.0,1.0,0.491,0.45,0.525
81,81,0.998,1.0,1.0,0.49399999999999994,0.45,0.525
82,82,0.998,1.0,1.0,0.491,0.4475,0.525
83,83,0.998,1.0,1.0,0.49399999999999994,0.45,0.525
84,84,0.998,1.0,1.0,0.49399999999999994,0.45,0.525
85,85,0.998,1.0,1.0,0.49499999999999994,0.45,0.5275000000000001
86,86,0.998,1.0,1.0,0.491,0.45,0.52
87,87,0.998,1.0,1.0,0.49000000000000005,0.45,0.5175000000000001
88,88,0.998,1.0,1.0,0.491,0.45,0.5175000000000001
89,89,0.998,1.0,1.0,0.48999999999999994,0.4475,0.5175000000000001
90,90,0.998,1.0,1.0,0.49099999999999994,0.4475,0.52
91,91,0.998,1.0,1.0,0.4919999999999999,0.4475,0.52
92,92,0.998,1.0,1.0,0.48999999999999994,0.44,0.52
93,93,0.998,1.0,1.0,0.48999999999999994,0.4475,0.52
94,94,0.998,1.0,1.0,0.48900000000000005,0.45,0.5175000000000001
95,95,0.998,1.0,1.0,0.491,0.4575,0.5175000000000001
96,96,0.998,1.0,1.0,0.491,0.4575,0.5175000000000001
97,97,0.998,1.0,1.0,0.492,0.4575,0.5175000000000001
98,98,0.998,1.0,1.0,0.491,0.4575,0.5175000000000001
99,99,0.998,1.0,1.0,0.49399999999999994,0.46,0.52
100,100,0.998,1.0,1.0,0.491,0.46,0.5175000000000001
101,101,0.998,1.0,1.0,0.48900000000000005,0.46,0.5175000000000001
102,102,0.998,1.0,1.0,0.4880000000000001,0.4575,0.525
103,103,0.998,1.0,1.0,0.49300000000000005,0.4675,0.525
104,104,0.998,1.0,1.0,0.4920000000000001,0.4675,0.525
105,105,0.998,1.0,1.0,0.49400000000000005,0.4675,0.525
106,106,0.998,1.0,1.0,0.495,0.4675,0.525
107,107,0.998,1.0,1.0,0.495,0.4675,0.525
108,108,0.998,1.0,1.0,0.495,0.4675,0.525
109,109,0.998,1.0,1.0,0.49300000000000005,0.4675,0.525
110,110,0.998,1.0,1.0,0.492,0.465,0.525
111,111,0.998,1.0,1.0,0.49400000000000005,0.465,0.525
112,112,0.998,1.0,1.0,0.49400000000000005,0.465,0.525
113,113,0.998,1.0,1.0,0.492,0.465,0.5225
114,114,0.998,1.0,1.0,0.493,0.465,0.525
115,115,0.998,1.0,1.0,0.491,0.465,0.525
116,116,0.998,1.0,1.0,0.492,0.4725,0.5225
117,117,0.998,1.0,1.0,0.49000000000000005,0.4725,0.5225
118,118,0.998,1.0,1.0,0.4880000000000001,0.465,0.515
119,119,0.998,1.0,1.0,0.4880000000000001,0.465,0.515
120,120,0.998,1.0,1.0,0.48900000000000005,0.4725,0.515
121,121,0.998,1.0,1.0,0.48900000000000005,0.465,0.5175000000000001
122,122,0.998,1.0,1.0,0.48900000000000005,0.4725,0.5175000000000001
123,123,0.998,1.0,1.0,0.4880000000000001,0.4725,0.5175000000000001
124,124,0.998,1.0,1.0,0.4880000000000001,0.4725,0.5175000000000001
125,125,0.998,1.0,1.0,0.49000000000000005,0.4725,0.5175000000000001
126,126,0.998,1.0,1.0,0.4880000000000001,0.4725,0.5175000000000001
127,127,0.998,1.0,1.0,0.4880000000000001,0.4725,0.5175000000000001
128,128,0.998,1.0,1.0,0.48900000000000005,0.4725,0.52
129,129,0.998,1.0,1.0,0.4880000000000001,0.4725,0.5175000000000001
130,130,0.998,1.0,1.0,0.48699999999999993,0.465,0.5175000000000001
131,131,0.998,1.0,1.0,0.48699999999999993,0.465,0.5175000000000001
132,132,0.998,1.0,1.0,0.48599999999999993,0.465,0.51
133,133,0.998,1.0,1.0,0.4870000000000001,0.465,0.51
134,134,0.998,1.0,1.0,0.4880000000000001,0.465,0.51
135,135,0.998,1.0,1.0,0.4860000000000001,0.465,0.51
136,136,0.998,1.0,1.0,0.4880000000000001,0.4725,0.51
137,137,0.998,1.0,1.0,0.4880000000000001,0.4725,0.51
138,138,0.998,1.0,1.0,0.491,0.475,0.5175000000000001
139,139,0.998,1.0,1.0,0.491,0.475,0.5175000000000001
140,140,0.998,1.0,1.0,0.49000000000000005,0.475,0.51
141,141,0.998,1.0,1.0,0.49000000000000005,0.475,0.51
142,142,0.998,1.0,1.0,0.491,0.475,0.51
143,143,0.998,1.0,1.0,0.491,0.475,0.51
144,144,0.998,1.0,1.0,0.491,0.475,0.51
145,145,0.998,1.0,1.0,0.491,0.475,0.5175000000000001
146,146,0.998,1.0,1.0,0.491,0.475,0.5175000000000001
147,147,0.998,1.0,1.0,0.48900000000000005,0.475,0.5175000000000001
148,148,0.998,1.0,1.0,0.491,0.475,0.5175000000000001
149,149,0.998,1.0,1.0,0.49000000000000005,0.4675,0.5175000000000001
150,150,0.998,1.0,1.0,0.493,0.475,0.5175000000000001
151,151,0.998,1.0,1.0,0.492,0.475,0.5175000000000001
152,152,0.998,1.0,1.0,0.492,0.475,0.5175000000000001
153,153,0.998,1.0,1.0,0.492,0.475,0.5175000000000001
154,154,0.998,1.0,1.0,0.492,0.475,0.5175000000000001
155,155,0.998,1.0,1.0,0.49499999999999994,0.475,0.5175000000000001
156,156,0.998,1.0,1.0,0.49499999999999994,0.4775,0.5175000000000001
157,157,0.998,1.0,1.0,0.4950000000000001,0.4675,0.52
158,158,0.998,1.0,1.0,0.495,0.4675,0.5275000000000001
159,159,0.998,1.0,1.0,0.49700000000000005,0.4675,0.5275000000000001
160,160,0.998,1.0,1.0,0.49700000000000005,0.4675,0.5275000000000001
161,161,0.998,1.0,1.0,0.496,0.4675,0.5275000000000001
162,162,0.998,1.0,1.0,0.49400000000000005,0.4675,0.5275000000000001
163,163,0.998,1.0,1.0,0.495,0.4675,0.5275000000000001
164,164,0.998,1.0,1.0,0.495,0.4675,0.5275000000000001
165,165,0.998,1.0,1.0,0.495,0.4675,0.5275000000000001
166,166,0.998,1.0,1.0,0.49400000000000005,0.465,0.5275000000000001
167,167,0.998,1.0,1.0,0.49300000000000005,0.465,0.525
168,168,0.998,1.0,1.0,0.4920000000000001,0.465,0.525
169,169,0.998,1.0,1.0,0.49300000000000005,0.4675,0.525
170,170,0.998,1.0,1.0,0.49300000000000005,0.4675,0.525
171,171,0.998,1.0,1.0,0.49400000000000005,0.4675,0.5275000000000001
172,172,0.998,1.0,1.0,0.49400000000000005,0.4675,0.5275000000000001
173,173,0.998,1.0,1.0,0.49300000000000005,0.4675,0.525
174,174,0.998,1.0,1.0,0.492,0.4675,0.525
175,175,0.998,1.0,1.0,0.49300000000000005,0.4675,0.5325
176,176,0.998,1.0,1.0,0.49300000000000005,0.4675,0.5275000000000001
177,177,0.998,1.0,1.0,0.49400000000000005,0.4675,0.5275000000000001
178,178,0.998,1.0,1.0,0.4920000000000001,0.46,0.525
179,179,0.998,1.0,1.0,0.49300000000000005,0.46,0.525
180,180,0.998,1.0,1.0,0.49400000000000005,0.4675,0.5325
181,181,0.998,1.0,1.0,0.493,0.4675,0.525
182,182,0.998,1.0,1.0,0.49300000000000005,0.46,0.5325
183,183,0.998,1.0,1.0,0.4920000000000001,0.46,0.5325
184,184,0.998,1.0,1.0,0.492,0.46,0.525
185,185,0.998,1.0,1.0,0.492,0.46,0.525
186,186,0.998,1.0,1.0,0.491,0.4575,0.525
187,187,0.998,1.0,1.0,0.491,0.4575,0.525
188,188,0.998,1.0,1.0,0.492,0.465,0.525
189,189,0.998,1.0,1.0,0.491,0.4575,0.525
190,190,0.998,1.0,1.0,0.4920000000000001,0.4575,0.525
191,191,0.998,1.0,1.0,0.48999999999999994,0.455,0.525
192,192,0.998,1.0,1.0,0.49000000000000005,0.455,0.525
193,193,0.998,1.0,1.0,0.49000000000000005,0.455,0.525
194,194,0.998,1.0,1.0,0.48900000000000005,0.455,0.525
195,195,0.998,1.0,1.0,0.48999999999999994,0.4475,0.525
196,196,0.998,1.0,1.0,0.48900000000000005,0.455,0.525
197,197,0.998,1.0,1.0,0.4910000000000001,0.4575,0.525
198,198,0.998,1.0,1.0,0.491,0.45,0.5275000000000001
199,199,0.998,1.0,1.0,0.49000000000000005,0.45,0.5275000000000001
200,200,0.998,1.0,1.0,0.49000000000000005,0.45,0.5275000000000001
201,201,0.998,1.0,1.0,0.49000000000000005,0.45,0.5275000000000001
202,202,0.998,1.0,1.0,0.49000000000000005,0.45,0.5275000000000001
203,203,0.998,1.0,1.0,0.48900000000000005,0.45,0.5275000000000001
204,204,0.998,1.0,1.0,0.48900000000000005,0.45,0.5275000000000001
205,205,0.998,1.0,1.0,0.489,0.45,0.525
206,206,0.998,1.0,1.0,0.488,0.4475,0.525
207,207,0.998,1.0,1.0,0.488,0.4475,0.525
208,208,0.998,1.0,1.0,0.489,0.455,0.525
209,209,0.998,1.0,1.0,0.488,0.455,0.525
210,210,0.998,1.0,1.0,0.489,0.455,0.525
211,211,0.998,1.0,1.0,0.488,0.455,0.525
212,212,0.998,1.0,1.0,0.489,0.455,0.525
213,213,0.998,1.0,1.0,0.488,0.455,0.525
214,214,0.998,1.0,1.0,0.488,0.455,0.525
215,215,0.998,1.0,1.0,0.488,0.455,0.5225
216,216,0.998,1.0,1.0,0.48900000000000005,0.455,0.5225
217,217,0.998,1.0,1.0,0.4870000000000001,0.455,0.5225
218,218,0.998,1.0,1.0,0.49000000000000005,0.455,0.525
219,219,0.998,1.0,1.0,0.49000000000000005,0.455,0.525
220,220,0.998,1.0,1.0,0.491,0.455,0.5325
221,221,0.998,1.0,1.0,0.492,0.455,0.535
222,222,0.998,1.0,1.0,0.4920000000000001,0.4575,0.5275000000000001
223,223,0.998,1.0,1.0,0.49000000000000005,0.455,0.525
224,224,0.998,1.0,1.0,0.491,0.455,0.5275000000000001
225,225,0.998,1.0,1.0,0.49000000000000005,0.455,0.525
226,226,0.998,1.0,1.0,0.49000000000000005,0.455,0.525
227,227,0.998,1.0,1.0,0.49000000000000005,0.4575,0.525
228,228,0.998,1.0,1.0,0.492,0.4575,0.525
229,229,0.998,1.0,1.0,0.492,0.4575,0.525
230,230,0.998,1.0,1.0,0.491,0.4575,0.5275000000000001
231,231,0.998,1.0,1.0,0.491,0.4575,0.5275000000000001
232,232,0.998,1.0,1.0,0.49000000000000005,0.4575,0.5275000000000001
233,233,0.998,1.0,1.0,0.49000000000000005,0.4575,0.5275000000000001
234,234,0.998,1.0,1.0,0.491,0.4575,0.5275000000000001
235,235,0.998,1.0,1.0,0.492,0.4575,0.5275000000000001
236,236,0.998,1.0,1.0,0.48900000000000005,0.4575,0.5275000000000001
237,237,0.998,1.0,1.0,0.48900000000000005,0.4575,0.5275000000000001
238,238,0.998,1.0,1.0,0.49000000000000005,0.4575,0.5275000000000001
239,239,0.998,1.0,1.0,0.491,0.4575,0.5275000000000001
240,240,0.998,1.0,1.0,0.48900000000000005,0.4575,0.5275000000000001
241,241,0.998,1.0,1.0,0.49000000000000005,0.4575,0.5275000000000001
242,242,0.998,1.0,1.0,0.49000000000000005,0.4575,0.5275000000000001
243,243,0.998,1.0,1.0,0.49000000000000005,0.4575,0.5275000000000001
244,244,0.998,1.0,1.0,0.49000000000000005,0.4575,0.5275000000000001
245,245,0.998,1.0,1.0,0.49000000000000005,0.4575,0.5275000000000001
246,246,0.998,1.0,1.0,0.489,0.4575,0.5275000000000001
247,247,0.998,1.0,1.0,0.489,0.4575,0.5275000000000001
248,248,0.998,1.0,1.0,0.49000000000000005,0.4575,0.5275000000000001
249,249,0.998,1.0,1.0,0.489,0.4575,0.5275000000000001
250,250,0.998,1.0,1.0,0.48900000000000005,0.4575,0.5275000000000001
251,251,0.998,1.0,1.0,0.48900000000000005,0.4575,0.5275000000000001
252,252,0.998,1.0,1.0,0.4880000000000001,0.4575,0.5275000000000001
253,253,0.998,1.0,1.0,0.48900000000000005,0.4575,0.5275000000000001
254,254,0.998,1.0,1.0,0.4880000000000001,0.4575,0.5275000000000001
255,255,0.998,1.0,1.0,0.49000000000000005,0.4575,0.5275000000000001
256,256,0.998,1.0,1.0,0.49000000000000005,0.4575,0.5275000000000001
257,257,0.998,1.0,1.0,0.49000000000000005,0.4575,0.5275000000000001
258,258,0.998,1.0,1.0,0.489,0.4575,0.5275000000000001
259,259,0.998,1.0,1.0,0.488,0.45,0.5275000000000001
260,260,0.998,1.0,1.0,0.48600000000000004,0.4475,0.52
261,261,0.998,1.0,1.0,0.48600000000000004,0.4475,0.52
262,262,0.998,1.0,1.0,0.488,0.455,0.5275000000000001
263,263,0.998,1.0,1.0,0.488,0.45,0.5275000000000001
264,264,0.998,1.0,1.0,0.488,0.45,0.5275000000000001
265,265,0.998,1.0,1.0,0.49000000000000005,0.465,0.5275000000000001
266,266,0.998,1.0,1.0,0.48900000000000005,0.4625,0.5275000000000001
267,267,0.998,1.0,1.0,0.49000000000000005,0.465,0.5275000000000001
268,268,0.998,1.0,1.0,0.49000000000000005,0.465,0.5275000000000001
269,269,0.998,1.0,1.0,0.48999999999999994,0.4625,0.52
270,270,0.998,1.0,1.0,0.48999999999999994,0.4625,0.52
271,271,0.998,1.0,1.0,0.49099999999999994,0.4625,0.52
272,272,0.998,1.0,1.0,0.49099999999999994,0.4625,0.52
273,273,0.998,1.0,1.0,0.49099999999999994,0.4625,0.52
274,274,0.998,1.0,1.0,0.49099999999999994,0.465,0.52
275,275,0.998,1.0,1.0,0.49099999999999994,0.465,0.52
276,276,0.998,1.0,1.0,0.49099999999999994,0.465,0.52
277,277,0.998,1.0,1.0,0.4919999999999999,0.465,0.52
278,278,0.998,1.0,1.0,0.49099999999999994,0.465,0.52
279,279,0.998,1.0,1.0,0.49099999999999994,0.465,0.52
280,280,0.998,1.0,1.0,0.489,0.4625,0.5175000000000001
281,281,0.998,1.0,1.0,0.489,0.4625,0.5175000000000001
282,282,0.998,1.0,1.0,0.489,0.4625,0.5175000000000001
283,283,0.998,1.0,1.0,0.489,0.4625,0.5175000000000001
284,284,0.998,1.0,1.0,0.489,0.4625,0.5175000000000001
285,285,0.998,1.0,1.0,0.48999999999999994,0.4625,0.5175000000000001
286,286,0.998,1.0,1.0,0.48999999999999994,0.4625,0.5175000000000001
287,287,0.998,1.0,1.0,0.489,0.4625,0.51
288,288,0.998,1.0,1.0,0.489,0.4625,0.51
289,289,0.998,1.0,1.0,0.489,0.4625,0.51
290,290,0.998,1.0,1.0,0.489,0.4625,0.51
291,291,0.998,1.0,1.0,0.489,0.4625,0.51
292,292,0.998,1.0,1.0,0.488,0.4625,0.51
293,293,0.998,1.0,1.0,0.48999999999999994,0.4625,0.51
294,294,0.998,1.0,1.0,0.489,0.4625,0.51
295,295,0.998,1.0,1.0,0.492,0.4625,0.5175000000000001
296,296,0.998,1.0,1.0,0.491,0.4625,0.5175000000000001
297,297,0.998,1.0,1.0,0.491,0.4625,0.5175000000000001
298,298,0.998,1.0,1.0,0.491,0.4625,0.5175000000000001
299,299,0.998,1.0,1.0,0.491,0.4625,0.5175000000000001
300,300,0.998,1.0,1.0,0.48999999999999994,0.4625,0.5175000000000001
301,301,0.998,1.0,1.0,0.48999999999999994,0.4625,0.5175000000000001
302,302,0.998,1.0,1.0,0.4919999999999999,0.4625,0.5175000000000001
303,303,0.998,1.0,1.0,0.49099999999999994,0.4625,0.5175000000000001
304,304,0.998,1.0,1.0,0.4919999999999999,0.4625,0.52
305,305,0.998,1.0,1.0,0.4919999999999999,0.4625,0.52
306,306,0.998,1.0,1.0,0.4919999999999999,0.4625,0.52
307,307,0.998,1.0,1.0,0.4919999999999999,0.4625,0.52
308,308,0.998,1.0,1.0,0.49300000000000005,0.4625,0.52
309,309,0.998,1.0,1.0,0.4919999999999999,0.4625,0.52
310,310,0.998,1.0,1.0,0.4919999999999999,0.4625,0.52
311,311,0.998,1.0,1.0,0.49400000000000005,0.4625,0.52
312,312,0.998,1.0,1.0,0.495,0.4625,0.52
313,313,0.998,1.0,1.0,0.49400000000000005,0.4625,0.52
314,314,0.998,1.0,1.0,0.495,0.4625,0.52
315,315,0.998,1.0,1.0,0.49400000000000005,0.4625,0.52
316,316,0.998,1.0,1.0,0.49300000000000005,0.4625,0.52
317,317,0.998,1.0,1.0,0.495,0.4625,0.52
318,318,0.998,1.0,1.0,0.495,0.4625,0.52
319,319,0.998,1.0,1.0,0.495,0.4625,0.52
320,320,0.998,1.0,1.0,0.49400000000000005,0.4625,0.52
321,321,0.998,1.0,1.0,0.495,0.4625,0.52
322,322,0.998,1.0,1.0,0.49400000000000005,0.4625,0.52
323,323,0.998,1.0,1.0,0.49400000000000005,0.4625,0.52
324,324,0.998,1.0,1.0,0.49400000000000005,0.4625,0.52
325,325,0.998,1.0,1.0,0.496,0.4625,0.52
326,326,0.998,1.0,1.0,0.497,0.47,0.52
327,327,0.998,1.0,1.0,0.497,0.4625,0.52
328,328,0.998,1.0,1.0,0.497,0.4625,0.52
329,329,0.998,1.0,1.0,0.49799999999999994,0.47,0.52
330,330,0.998,1.0,1.0,0.497,0.4625,0.52
331,331,0.998,1.0,1.0,0.497,0.4625,0.52
332,332,0.998,1.0,1.0,0.497,0.4625,0.52
333,333,0.998,1.0,1.0,0.497,0.4625,0.52
334,334,0.998,1.0,1.0,0.496,0.4625,0.52
335,335,0.998,1.0,1.0,0.496,0.4625,0.52
336,336,0.998,1.0,1.0,0.497,0.4625,0.52
337,337,0.998,1.0,1.0,0.496,0.4625,0.52
338,338,0.998,1.0,1.0,0.497,0.4625,0.52
339,339,0.998,1.0,1.0,0.497,0.4625,0.52
340,340,0.998,1.0,1.0,0.496,0.4625,0.52
341,341,0.998,1.0,1.0,0.496,0.4625,0.52
342,342,0.998,1.0,1.0,0.496,0.4625,0.52
343,343,0.998,1.0,1.0,0.497,0.4625,0.52
344,344,0.998,1.0,1.0,0.497,0.4625,0.52
345,345,0.998,1.0,1.0,0.49799999999999994,0.47,0.52
346,346,0.998,1.0,1.0,0.497,0.4625,0.52
347,347,0.998,1.0,1.0,0.4999999999999999,0.475,0.52
348,348,0.998,1.0,1.0,0.49899999999999994,0.475,0.52
349,349,0.998,1.0,1.0,0.49799999999999994,0.4675,0.52
350,350,0.998,1.0,1.0,0.49899999999999994,0.475,0.52
351,351,0.998,1.0,1.0,0.4999999999999999,0.475,0.5275000000000001
352,352,0.998,1.0,1.0,0.4999999999999999,0.475,0.5275000000000001
353,353,0.998,1.0,1.0,0.4999999999999999,0.475,0.5275000000000001
354,354,0.998,1.0,1.0,0.4999999999999999,0.475,0.5275000000000001
355,355,0.998,1.0,1.0,0.4999999999999999,0.475,0.5275000000000001
356,356,0.998,1.0,1.0,0.4999999999999999,0.475,0.5275000000000001
357,357,0.998,1.0,1.0,0.4999999999999999,0.475,0.5275000000000001
358,358,0.998,1.0,1.0,0.4999999999999999,0.475,0.5275000000000001
359,359,0.998,1.0,1.0,0.4999999999999999,0.475,0.5275000000000001
360,360,0.998,1.0,1.0,0.4999999999999999,0.475,0.5275000000000001
361,361,0.998,1.0,1.0,0.4999999999999999,0.475,0.5275000000000001
362,362,0.998,1.0,1.0,0.4999999999999999,0.475,0.5275000000000001
363,363,0.998,1.0,1.0,0.49899999999999994,0.475,0.5275000000000001
364,364,0.998,1.0,1.0,0.4999999999999999,0.475,0.5275000000000001
365,365,0.998,1.0,1.0,0.5009999999999999,0.475,0.5275000000000001
366,366,0.998,1.0,1.0,0.5009999999999999,0.475,0.5275000000000001
367,367,0.998,1.0,1.0,0.502,0.475,0.5275000000000001
368,368,0.998,1.0,1.0,0.5009999999999999,0.475,0.5275000000000001
369,369,0.998,1.0,1.0,0.5009999999999999,0.475,0.5275000000000001
370,370,0.998,1.0,1.0,0.502,0.475,0.5275000000000001
371,371,0.998,1.0,1.0,0.502,0.475,0.5275000000000001
372,372,0.998,1.0,1.0,0.501,0.475,0.5275000000000001
373,373,0.998,1.0,1.0,0.502,0.475,0.5275000000000001
374,374,0.998,1.0,1.0,0.4999999999999999,0.475,0.5275000000000001
375,375,0.998,1.0,1.0,0.4999999999999999,0.475,0.5275000000000001
376,376,0.998,1.0,1.0,0.4999999999999999,0.475,0.525
377,377,0.998,1.0,1.0,0.49899999999999994,0.475,0.525
378,378,0.998,1.0,1.0,0.4999999999999999,0.475,0.525
379,379,0.998,1.0,1.0,0.4999999999999999,0.475,0.5275000000000001
380,380,0.998,1.0,1.0,0.4999999999999999,0.475,0.525
381,381,0.998,1.0,1.0,0.4999999999999999,0.475,0.525
382,382,0.998,1.0,1.0,0.49899999999999994,0.4725,0.525
383,383,0.998,1.0,1.0,0.502,0.475,0.5275000000000001
384,384,0.998,1.0,1.0,0.5009999999999999,0.475,0.5275000000000001
385,385,0.998,1.0,1.0,0.4999999999999999,0.475,0.5275000000000001
386,386,0.998,1.0,1.0,0.4999999999999999,0.475,0.5275000000000001
387,387,0.998,1.0,1.0,0.501,0.475,0.5275000000000001
388,388,1.0,1.0,1.0,0.499,0.4675,0.525
389,389,0.998,1.0,1.0,0.4999999999999999,0.475,0.5275000000000001
390,390,1.0,1.0,1.0,0.49799999999999994,0.4675,0.5275000000000001
391,391,1.0,1.0,1.0,0.49799999999999994,0.4675,0.5275000000000001
392,392,0.998,1.0,1.0,0.499,0.4675,0.5275000000000001
393,393,1.0,1.0,1.0,0.49899999999999994,0.475,0.5275000000000001
394,394,1.0,1.0,1.0,0.499,0.475,0.525
395,395,1.0,1.0,1.0,0.49799999999999994,0.475,0.525
396,396,0.998,1.0,1.0,0.499,0.475,0.525
397,397,1.0,1.0,1.0,0.499,0.475,0.525
398,398,1.0,1.0,1.0,0.5,0.475,0.5275000000000001
399,399,1.0,1.0,1.0,0.499,0.475,0.525
400,400,0.998,1.0,1.0,0.499,0.475,0.525
401,401,1.0,1.0,1.0,0.499,0.475,0.525
402,402,0.998,1.0,1.0,0.499,0.475,0.525
403,403,1.0,1.0,1.0,0.499,0.475,0.525
404,404,1.0,1.0,1.0,0.49800000000000005,0.475,0.5175000000000001
405,405,1.0,1.0,1.0,0.49800000000000005,0.475,0.5175000000000001
406,406,1.0,1.0,1.0,0.499,0.475,0.525
407,407,1.0,1.0,1.0,0.499,0.475,0.525
408,408,1.0,1.0,1.0,0.499,0.475,0.525
409,409,1.0,1.0,1.0,0.499,0.475,0.525
410,410,1.0,1.0,1.0,0.499,0.475,0.525
411,411,1.0,1.0,1.0,0.49800000000000005,0.4675,0.525
412,412,1.0,1.0,1.0,0.49800000000000005,0.4675,0.525
413,413,1.0,1.0,1.0,0.49800000000000005,0.4675,0.525
414,414,1.0,1.0,1.0,0.49800000000000005,0.4675,0.525
415,415,1.0,1.0,1.0,0.499,0.4675,0.525
416,416,1.0,1.0,1.0,0.499,0.4675,0.525
417,417,1.0,1.0,1.0,0.499,0.4675,0.525
418,418,1.0,1.0,1.0,0.49800000000000005,0.4675,0.525
419,419,1.0,1.0,1.0,0.499,0.4675,0.525
420,420,1.0,1.0,1.0,0.499,0.4675,0.525
421,421,1.0,1.0,1.0,0.49800000000000005,0.4675,0.525
422,422,1.0,1.0,1.0,0.49800000000000005,0.4675,0.525
423,423,1.0,1.0,1.0,0.49800000000000005,0.4675,0.525
424,424,1.0,1.0,1.0,0.49800000000000005,0.4675,0.525
425,425,1.0,1.0,1.0,0.49800000000000005,0.4675,0.525
426,426,1.0,1.0,1.0,0.497,0.4675,0.525
427,427,1.0,1.0,1.0,0.497,0.4675,0.525
428,428,1.0,1.0,1.0,0.497,0.4675,0.525
429,429,1.0,1.0,1.0,0.49799999999999994,0.4675,0.5275000000000001
430,430,1.0,1.0,1.0,0.497,0.4675,0.525
431,431,1.0,1.0,1.0,0.49799999999999994,0.4675,0.525
432,432,1.0,1.0,1.0,0.49899999999999994,0.4675,0.5275000000000001
433,433,1.0,1.0,1.0,0.499,0.4675,0.525
434,434,1.0,1.0,1.0,0.5,0.4675,0.5275000000000001
435,435,1.0,1.0,1.0,0.49899999999999994,0.4675,0.5275000000000001
436,436,1.0,1.0,1.0,0.49899999999999994,0.4675,0.5275000000000001
437,437,1.0,1.0,1.0,0.4999999999999999,0.475,0.5275000000000001
438,438,1.0,1.0,1.0,0.4999999999999999,0.4675,0.5275000000000001
439,439,1.0,1.0,1.0,0.502,0.475,0.5275000000000001
440,440,1.0,1.0,1.0,0.501,0.475,0.5275000000000001
441,441,0.998,1.0,1.0,0.502,0.475,0.5275000000000001
442,442,1.0,1.0,1.0,0.5,0.475,0.525
443,443,0.998,1.0,1.0,0.5,0.475,0.525
444,444,1.0,1.0,1.0,0.501,0.475,0.5275000000000001
445,445,1.0,1.0,1.0,0.501,0.475,0.5275000000000001
446,446,0.998,1.0,1.0,0.501,0.475,0.5275000000000001
447,447,0.998,1.0,1.0,0.4999999999999999,0.475,0.5275000000000001
448,448,0.998,1.0,1.0,0.5009999999999999,0.475,0.535
449,449,0.998,1.0,1.0,0.5009999999999999,0.475,0.535
450,450,0.998,1.0,1.0,0.502,0.475,0.535
451,451,0.998,1.0,1.0,0.5009999999999999,0.475,0.535
452,452,0.998,1.0,1.0,0.5009999999999999,0.475,0.535
453,453,0.998,1.0,1.0,0.5009999999999999,0.475,0.535
454,454,0.998,1.0,1.0,0.4999999999999999,0.4675,0.535
455,455,0.998,1.0,1.0,0.5009999999999999,0.475,0.535
456,456,0.998,1.0,1.0,0.5009999999999999,0.475,0.535
457,457,0.998,1.0,1.0,0.5009999999999999,0.475,0.535
458,458,0.998,1.0,1.0,0.5009999999999999,0.475,0.535
459,459,0.998,1.0,1.0,0.502,0.475,0.535
460,460,0.998,1.0,1.0,0.502,0.475,0.535
461,461,0.998,1.0,1.0,0.503,0.475,0.535
462,462,0.998,1.0,1.0,0.502,0.475,0.535
463,463,0.998,1.0,1.0,0.502,0.475,0.535
464,464,0.998,1.0,1.0,0.502,0.475,0.535
465,465,0.998,1.0,1.0,0.504,0.4825,0.535
466,466,0.998,1.0,1.0,0.504,0.4825,0.535
467,467,0.998,1.0,1.0,0.504,0.4825,0.535
468,468,0.998,1.0,1.0,0.504,0.4825,0.535
469,469,0.998,1.0,1.0,0.505,0.4825,0.5375000000000001
470,470,0.998,1.0,1.0,0.505,0.4825,0.5375000000000001
471,471,0.998,1.0,1.0,0.505,0.4825,0.5375000000000001
472,472,0.998,1.0,1.0,0.505,0.4825,0.5375000000000001
473,473,0.998,1.0,1.0,0.505,0.4825,0.5375000000000001
474,474,0.998,1.0,1.0,0.505,0.4825,0.5375000000000001
475,475,0.998,1.0,1.0,0.504,0.475,0.5375000000000001
476,476,0.998,1.0,1.0,0.504,0.475,0.5375000000000001
